sample_index,file_id,velocity_l2,acceleration_l2,activity_count,nothing,walk,rotation,jump,wave,lie_down,pick_up,sit_down,stand_up,environment,model
0,act_100_18,12.093216896057129,16.89902114868164,3,1,1,0,0,0,0,0,0,1,empty_room,baseline
1,act_99_38,16.424867630004883,26.02149200439453,2,0,1,0,0,0,1,0,0,0,empty_room,baseline
2,act_107_36,12.475560188293457,18.206287384033203,5,1,1,1,1,0,0,0,0,1,empty_room,baseline
3,act_94_33,13.646878242492676,19.144737243652344,1,0,0,0,0,0,0,0,0,1,empty_room,baseline
4,act_93_79,13.666653633117676,19.371932983398438,1,0,0,0,0,0,0,1,0,0,empty_room,baseline
5,act_95_33,7.5221123695373535,11.528535842895508,1,1,0,0,0,0,0,0,0,0,empty_room,baseline
6,act_98_82,7.2476487159729,10.570440292358398,1,1,0,0,0,0,0,0,0,0,empty_room,baseline
7,act_94_27,13.321471214294434,25.054096221923828,1,0,0,1,0,0,0,0,0,0,empty_room,baseline
8,act_106_58,13.090596199035645,21.02806854248047,3,0,0,0,1,1,1,0,0,0,empty_room,baseline
9,act_91_29,10.710578918457031,17.053321838378906,1,0,1,0,0,0,0,0,0,0,empty_room,baseline
10,act_103_41,13.552837371826172,20.8725528717041,4,0,0,0,0,1,1,1,1,0,empty_room,baseline
11,act_95_67,9.82433032989502,13.984476089477539,1,0,0,0,0,1,0,0,0,0,empty_room,baseline
12,act_100_20,10.954358100891113,15.782341003417969,3,0,1,1,1,0,0,0,0,0,empty_room,baseline
13,act_105_95,12.153624534606934,20.52914047241211,1,0,0,0,0,1,0,0,0,0,empty_room,baseline
14,act_98_71,11.5780668258667,15.543386459350586,2,0,0,0,0,0,0,0,1,1,empty_room,baseline
15,act_106_23,15.073508262634277,24.790420532226562,5,0,0,0,0,1,1,1,1,1,empty_room,baseline
16,act_98_95,6.62600564956665,10.60577392578125,1,0,0,0,0,1,0,0,0,0,empty_room,baseline
17,act_101_36,13.731554985046387,18.875202178955078,3,1,0,1,0,0,0,0,0,1,empty_room,baseline
18,act_103_40,17.834115982055664,25.555038452148438,4,0,0,0,1,1,1,1,0,0,empty_room,baseline
19,act_104_27,14.819572448730469,22.651941299438477,4,1,0,1,1,0,0,0,0,1,empty_room,baseline
20,act_101_5,14.427806854248047,23.652217864990234,3,0,0,0,0,1,1,0,1,0,empty_room,baseline
21,act_101_30,10.020173072814941,13.928680419921875,3,0,0,1,1,0,1,0,0,0,empty_room,baseline
22,act_92_99,12.212580680847168,17.48661994934082,1,0,0,0,0,0,0,0,0,1,empty_room,baseline
23,act_103_39,14.81905460357666,23.044586181640625,4,0,0,1,1,1,1,0,0,0,empty_room,baseline
24,act_106_54,14.656208038330078,22.145618438720703,3,1,1,0,0,0,0,0,0,1,empty_room,baseline
25,act_104_25,14.061408042907715,17.98094940185547,4,1,1,0,0,0,0,1,1,0,empty_room,baseline
26,act_102_62,17.383695602416992,23.737384796142578,2,1,0,0,0,0,0,0,1,0,empty_room,baseline
27,act_96_60,14.2385835647583,18.785099029541016,1,0,0,0,0,0,1,0,0,0,empty_room,baseline
28,act_92_55,8.32402515411377,13.9488525390625,1,1,0,0,0,0,0,0,0,0,empty_room,baseline
29,act_104_11,12.8306303024292,18.972349166870117,4,0,1,1,0,1,1,0,0,0,empty_room,baseline
30,act_95_27,10.174300193786621,16.209972381591797,1,0,0,0,1,0,0,0,0,0,empty_room,baseline
31,act_93_88,11.528714179992676,16.8050537109375,1,0,0,0,0,0,0,1,0,0,empty_room,baseline
32,act_97_2,9.925254821777344,17.11614227294922,2,0,1,1,0,0,0,0,0,0,empty_room,baseline
33,act_107_38,13.319918632507324,18.588560104370117,5,0,1,1,1,1,1,0,0,0,empty_room,baseline
34,act_104_20,16.944883346557617,25.90483856201172,4,0,1,1,0,1,1,0,0,0,empty_room,baseline
35,act_106_22,16.03061866760254,24.09754180908203,5,0,0,0,1,1,1,1,1,0,empty_room,baseline
36,act_103_85,10.957776069641113,14.381940841674805,1,0,0,0,1,0,0,0,0,0,empty_room,baseline
37,act_105_47,13.793328285217285,18.707733154296875,3,0,1,1,1,0,0,0,0,0,empty_room,baseline
38,act_108_1,13.832480430603027,19.256717681884766,5,1,1,1,1,1,0,0,0,0,empty_room,baseline
39,act_93_83,11.428760528564453,15.630529403686523,1,0,1,0,0,0,0,0,0,0,empty_room,baseline
40,act_96_62,14.308293342590332,19.89044952392578,1,0,0,0,0,0,0,0,1,0,empty_room,baseline
41,act_92_30,12.666640281677246,20.501201629638672,1,0,0,0,1,0,0,0,0,0,empty_room,baseline
42,act_104_39,11.402083396911621,17.207338333129883,4,0,0,1,1,0,1,1,0,0,empty_room,baseline
43,act_206_45,7.500062465667725,11.260269165039062,0,0,0,0,0,0,0,0,0,0,empty_room,baseline
44,act_99_47,12.677169799804688,17.495412826538086,2,0,1,0,1,0,0,0,0,0,empty_room,baseline
45,act_106_87,12.281505584716797,17.27536964416504,2,0,0,0,0,0,1,1,0,0,empty_room,baseline
46,act_103_24,18.60647964477539,30.036598205566406,4,0,0,0,0,0,1,1,1,1,empty_room,baseline
47,act_107_77,14.910700798034668,21.92717170715332,2,0,0,0,0,1,1,0,0,0,empty_room,baseline
48,act_94_59,13.028986930847168,19.768775939941406,1,0,0,0,0,0,1,0,0,0,empty_room,baseline
49,act_102_57,14.349881172180176,18.657352447509766,2,0,0,1,0,1,0,0,0,0,empty_room,baseline
50,act_103_97,19.673189163208008,32.07972717285156,1,0,0,0,0,0,0,1,0,0,empty_room,baseline
51,act_91_87,13.358967781066895,22.6283016204834,1,0,0,0,0,0,1,0,0,0,empty_room,baseline
52,act_96_27,15.129581451416016,23.567485809326172,1,0,0,0,0,0,0,0,0,1,empty_room,baseline
53,act_106_70,17.377016067504883,23.5966796875,2,0,0,0,0,0,0,1,1,0,empty_room,baseline
54,act_206_66,9.156682014465332,14.044435501098633,0,0,0,0,0,0,0,0,0,0,empty_room,baseline
55,act_97_18,18.07556915283203,25.275039672851562,2,1,0,0,0,0,0,0,0,1,empty_room,baseline
56,act_96_90,22.02039909362793,43.01744842529297,1,0,0,0,0,0,0,0,0,1,empty_room,baseline
57,act_95_83,13.664710998535156,21.20621109008789,1,0,0,1,0,0,0,0,0,0,empty_room,baseline
58,act_98_18,10.408918380737305,18.0509090423584,2,0,1,1,0,0,0,0,0,0,empty_room,baseline
59,act_102_15,18.821189880371094,28.499324798583984,3,1,0,0,0,0,1,1,0,0,empty_room,baseline
60,act_97_32,14.543623924255371,25.437877655029297,2,0,0,0,0,1,1,0,0,0,empty_room,baseline
61,act_93_66,10.317325592041016,15.083778381347656,1,0,0,1,0,0,0,0,0,0,empty_room,baseline
62,act_92_74,8.575605392456055,11.329302787780762,1,0,1,0,0,0,0,0,0,0,empty_room,baseline
63,act_105_38,13.568416595458984,21.65880012512207,4,0,1,1,1,0,1,0,0,0,empty_room,baseline
64,act_107_46,10.932822227478027,16.344440460205078,3,1,1,1,0,0,0,0,0,0,empty_room,baseline
65,act_92_31,7.908912658691406,11.265827178955078,1,0,0,0,0,1,0,0,0,0,empty_room,baseline
66,act_94_36,12.110058784484863,23.477989196777344,1,0,0,1,0,0,0,0,0,0,empty_room,baseline
67,act_100_44,19.46181869506836,26.737995147705078,3,1,0,0,0,0,0,0,1,1,empty_room,baseline
68,act_99_67,11.593976020812988,19.441402435302734,2,0,0,0,1,1,0,0,0,0,empty_room,baseline
69,act_99_1,11.021178245544434,15.873531341552734,2,1,0,0,0,1,0,0,0,0,empty_room,baseline
70,act_105_2,12.29577922821045,15.476314544677734,4,0,1,1,1,0,1,0,0,0,empty_room,baseline
71,act_94_53,12.271882057189941,18.906728744506836,1,0,0,0,0,0,0,0,0,1,empty_room,baseline
72,act_92_93,10.578717231750488,19.271663665771484,1,0,0,1,0,0,0,0,0,0,empty_room,baseline
73,act_91_22,8.264147758483887,11.583606719970703,1,0,0,0,1,0,0,0,0,0,empty_room,baseline
74,act_108_36,14.799938201904297,24.665267944335938,5,1,1,1,1,0,0,0,0,1,empty_room,baseline
75,act_93_99,10.390681266784668,14.229077339172363,1,0,0,0,0,0,0,0,0,1,empty_room,baseline
76,act_99_21,17.54073715209961,28.46099090576172,2,0,0,1,0,0,0,1,0,0,empty_room,baseline
77,act_97_89,17.317462921142578,23.843379974365234,1,0,0,0,0,0,0,0,1,0,empty_room,baseline
78,act_97_77,10.276901245117188,18.98048210144043,1,0,0,0,0,1,0,0,0,0,empty_room,baseline
79,act_104_93,15.387737274169922,18.25277328491211,1,0,0,1,0,0,0,0,0,0,empty_room,baseline
80,act_108_52,17.244890213012695,21.883358001708984,3,0,0,0,0,0,0,1,1,1,empty_room,baseline
81,act_93_85,6.764915466308594,11.852846145629883,1,0,0,0,1,0,0,0,0,0,empty_room,baseline
82,act_105_57,14.253560066223145,23.329345703125,3,0,0,1,1,1,0,0,0,0,empty_room,baseline
83,act_105_34,17.225597381591797,25.707244873046875,4,0,1,0,0,0,0,1,1,1,empty_room,baseline
84,act_103_54,20.496850967407227,28.78936767578125,2,1,0,0,0,0,0,0,0,1,empty_room,baseline
85,act_98_19,10.033326148986816,17.99625015258789,2,0,0,1,1,0,0,0,0,0,empty_room,baseline
86,act_99_19,15.453880310058594,22.26320457458496,2,1,0,0,0,1,0,0,0,0,empty_room,baseline
87,act_101_89,18.90863609313965,25.56183624267578,1,0,0,0,0,0,0,0,1,0,empty_room,baseline
88,act_103_18,13.891011238098145,23.75709342956543,4,1,1,1,0,0,0,0,0,1,empty_room,baseline
89,act_103_12,13.741312980651855,17.831783294677734,4,0,0,1,1,1,1,0,0,0,empty_room,baseline
90,act_97_54,15.137785911560059,22.23430061340332,1,0,0,0,0,0,0,0,0,1,empty_room,baseline
91,act_94_51,10.62683391571045,20.050355911254883,1,0,0,0,0,0,0,1,0,0,empty_room,baseline
92,act_103_47,11.896488189697266,17.27690887451172,2,0,1,1,0,0,0,0,0,0,empty_room,baseline
93,act_101_79,20.232479095458984,33.55118942260742,2,0,0,0,0,0,0,1,1,0,empty_room,baseline
94,act_100_12,13.305084228515625,20.96578025817871,3,0,0,1,1,1,0,0,0,0,empty_room,baseline
95,act_92_83,10.784859657287598,13.556432723999023,1,0,1,0,0,0,0,0,0,0,empty_room,baseline
96,act_93_24,11.670753479003906,20.86701202392578,1,0,0,0,0,0,0,0,1,0,empty_room,baseline
97,act_91_62,14.1776704788208,21.222368240356445,1,0,0,0,0,0,0,0,1,0,empty_room,baseline
98,act_96_46,10.51159954071045,14.193500518798828,1,1,0,0,0,0,0,0,0,0,empty_room,baseline
99,act_91_45,15.5028076171875,24.735321044921875,1,0,0,0,0,0,0,0,0,1,empty_room,baseline
100,act_99_85,13.34450912475586,20.346078872680664,2,0,0,0,1,1,0,0,0,0,empty_room,baseline
101,act_107_5,16.49896240234375,22.15557861328125,5,0,0,0,0,1,1,1,1,1,empty_room,baseline
102,act_94_63,10.983174324035645,15.998147964477539,1,1,0,0,0,0,0,0,0,0,empty_room,baseline
103,act_206_83,7.1395134925842285,10.047819137573242,0,0,0,0,0,0,0,0,0,0,empty_room,baseline
104,act_93_8,6.930692195892334,10.302734375,1,1,0,0,0,0,0,0,0,0,empty_room,baseline
105,act_103_98,20.09044075012207,29.554349899291992,1,0,0,0,0,0,0,0,1,0,empty_room,baseline
106,act_101_80,18.161043167114258,28.350255966186523,2,0,0,0,0,0,0,0,1,1,empty_room,baseline
107,act_101_46,13.535639762878418,19.688486099243164,2,1,1,0,0,0,0,0,0,0,empty_room,baseline
108,act_104_19,12.976239204406738,19.524375915527344,4,1,1,0,1,1,0,0,0,0,empty_room,baseline
109,act_94_52,14.56367015838623,19.979839324951172,1,0,0,0,0,0,0,0,1,0,empty_room,baseline
110,act_98_45,9.514703750610352,15.79995346069336,2,0,1,1,0,0,0,0,0,0,empty_room,baseline
111,act_206_18,6.26324462890625,10.56679916381836,0,0,0,0,0,0,0,0,0,0,empty_room,baseline
112,act_99_95,9.976445198059082,16.77962875366211,1,0,0,0,0,1,0,0,0,0,empty_room,baseline
113,act_102_8,16.577730178833008,28.299875259399414,3,0,0,1,0,0,0,0,1,1,empty_room,baseline
114,act_105_54,18.03301429748535,29.71747589111328,3,1,1,0,0,0,0,0,0,1,empty_room,baseline
115,act_99_11,14.117573738098145,19.447921752929688,2,0,1,0,0,0,1,0,0,0,empty_room,baseline
116,act_108_10,15.41405200958252,22.743976593017578,5,1,1,1,1,1,0,0,0,0,empty_room,baseline
117,act_97_10,9.992098808288574,15.763189315795898,2,1,1,0,0,0,0,0,0,0,empty_room,baseline
118,act_101_48,13.271700859069824,19.515216827392578,2,0,0,1,1,0,0,0,0,0,empty_room,baseline
119,act_98_50,10.005598068237305,13.820793151855469,1,0,0,0,0,0,1,0,0,0,empty_room,baseline
120,act_94_6,15.603463172912598,22.664535522460938,1,0,0,0,0,0,0,0,0,1,empty_room,baseline
121,act_103_34,16.301803588867188,22.441564559936523,4,1,0,0,0,0,0,1,1,1,empty_room,baseline
122,act_93_13,10.57079792022705,15.535516738891602,1,0,0,0,0,0,1,0,0,0,empty_room,baseline
123,act_105_52,16.563413619995117,23.099525451660156,3,0,0,0,0,0,0,1,1,1,empty_room,baseline
124,act_101_98,20.306730270385742,27.407997131347656,1,0,0,0,0,0,0,0,1,0,empty_room,baseline
125,act_94_21,12.406639099121094,19.21287727355957,1,0,0,0,0,0,1,0,0,0,empty_room,baseline
126,act_98_2,10.47005558013916,17.085527420043945,2,0,0,0,1,1,0,0,0,0,empty_room,baseline
127,act_101_4,14.165627479553223,23.549543380737305,3,0,0,0,1,1,0,1,0,0,empty_room,baseline
128,act_106_4,17.341829299926758,25.860336303710938,5,0,0,0,1,1,1,1,1,0,empty_room,baseline
129,act_98_93,7.871201992034912,12.999067306518555,1,0,0,1,0,0,0,0,0,0,empty_room,baseline
130,act_101_47,14.181427955627441,22.162067413330078,2,0,1,1,0,0,0,0,0,0,empty_room,baseline
131,act_100_35,18.43290138244629,25.28542709350586,3,1,0,0,0,0,0,0,1,1,empty_room,baseline
132,act_95_58,14.107155799865723,25.19666290283203,1,0,0,0,0,0,1,0,0,0,empty_room,baseline
133,act_92_56,13.106005668640137,19.516172409057617,1,0,1,0,0,0,0,0,0,0,empty_room,baseline
134,act_93_49,8.07033920288086,11.791009902954102,1,0,0,0,0,1,0,0,0,0,empty_room,baseline
135,act_94_50,11.446327209472656,20.99005889892578,1,0,0,0,0,0,1,0,0,0,empty_room,baseline
136,act_93_87,12.23624038696289,19.18438148498535,1,0,0,0,0,0,1,0,0,0,empty_room,baseline
137,act_93_78,10.045559883117676,15.599386215209961,1,0,0,0,0,0,1,0,0,0,empty_room,baseline
138,act_106_45,14.335155487060547,20.692569732666016,5,1,1,1,1,0,0,0,0,1,empty_room,baseline
139,act_96_66,12.321792602539062,18.55084228515625,1,0,0,1,0,0,0,0,0,0,empty_room,baseline
140,act_102_92,14.695487976074219,19.500843048095703,1,0,1,0,0,0,0,0,0,0,empty_room,baseline
141,act_106_10,12.84212875366211,16.8944091796875,5,1,1,1,1,1,0,0,0,0,empty_room,baseline
142,act_104_14,18.586408615112305,25.891403198242188,4,0,0,0,0,1,1,0,1,1,empty_room,baseline
143,act_101_43,17.188270568847656,25.93313217163086,3,1,0,0,0,0,0,1,1,0,empty_room,baseline
144,act_107_21,12.557286262512207,18.416170120239258,5,0,0,1,1,1,1,1,0,0,empty_room,baseline
145,act_102_5,16.02918243408203,22.521820068359375,3,0,0,0,0,1,1,0,0,1,empty_room,baseline
146,act_91_99,12.81402587890625,20.719738006591797,1,0,0,0,0,0,0,0,0,1,empty_room,baseline
147,act_108_46,13.290069580078125,17.1375732421875,3,1,1,1,0,0,0,0,0,0,empty_room,baseline
148,act_106_97,19.438596725463867,34.641754150390625,1,0,0,0,0,0,0,1,0,0,empty_room,baseline
149,act_102_69,16.851539611816406,25.821155548095703,2,0,0,0,0,0,1,1,0,0,empty_room,baseline
150,act_102_36,15.284455299377441,22.65985107421875,3,1,0,0,1,0,0,0,0,1,empty_room,baseline
151,act_107_32,18.66152572631836,28.211162567138672,5,0,0,0,0,1,1,1,1,1,empty_room,baseline
152,act_104_44,16.295087814331055,24.83871841430664,4,0,1,1,0,0,0,0,1,1,empty_room,baseline
153,act_96_59,7.0817413330078125,9.71729850769043,1,0,0,0,0,1,0,0,0,0,empty_room,baseline
154,act_100_94,14.019454956054688,25.306089401245117,1,0,0,0,1,0,0,0,0,0,empty_room,baseline
155,act_103_44,15.556736946105957,24.34349822998047,4,1,1,0,0,0,0,0,1,1,empty_room,baseline
156,act_91_98,15.282265663146973,21.858661651611328,1,0,0,0,0,0,0,0,1,0,empty_room,baseline
157,act_106_92,10.790901184082031,13.945656776428223,1,0,1,0,0,0,0,0,0,0,empty_room,baseline
158,act_94_98,9.486395835876465,16.829193115234375,1,0,0,0,0,0,0,0,1,0,empty_room,baseline
159,act_103_92,13.022294044494629,19.934181213378906,1,0,1,0,0,0,0,0,0,0,empty_room,baseline
160,act_99_65,14.902294158935547,22.766841888427734,2,0,1,1,0,0,0,0,0,0,empty_room,baseline
161,act_92_47,9.21097183227539,14.523927688598633,1,0,1,0,0,0,0,0,0,0,empty_room,baseline
162,act_100_40,14.503387451171875,25.325767517089844,3,0,0,0,1,1,1,0,0,0,empty_room,baseline
163,act_101_49,11.496251106262207,19.941471099853516,2,0,0,0,1,1,0,0,0,0,empty_room,baseline
164,act_98_76,11.711727142333984,20.770645141601562,2,0,0,0,1,1,0,0,0,0,empty_room,baseline
165,act_94_12,15.343235969543457,27.143749237060547,1,0,0,0,0,0,1,0,0,0,empty_room,baseline
166,act_98_57,9.080849647521973,15.609354019165039,1,0,0,0,1,0,0,0,0,0,empty_room,baseline
167,act_92_26,12.975013732910156,17.835853576660156,1,0,0,0,0,0,0,0,0,1,empty_room,baseline
168,act_106_40,15.17963695526123,26.75619125366211,5,0,0,0,1,1,1,1,1,0,empty_room,baseline
169,act_94_86,7.629566192626953,13.530660629272461,1,0,0,0,0,1,0,0,0,0,empty_room,baseline
170,act_97_58,7.337486743927002,9.372675895690918,1,0,0,0,1,0,0,0,0,0,empty_room,baseline
171,act_108_72,14.986302375793457,18.347976684570312,2,1,0,0,0,0,0,0,0,1,empty_room,baseline
172,act_108_31,14.783230781555176,21.506080627441406,5,0,0,0,1,1,1,1,1,0,empty_room,baseline
173,act_107_43,15.009414672851562,21.825416564941406,5,1,1,0,0,0,0,1,1,1,empty_room,baseline
174,act_94_29,6.322656154632568,10.209546089172363,1,0,0,0,0,1,0,0,0,0,empty_room,baseline
175,act_97_23,11.710652351379395,19.206783294677734,2,0,0,0,0,1,1,0,0,0,empty_room,baseline
176,act_97_80,17.12213706970215,24.17223358154297,1,0,0,0,0,0,0,0,1,0,empty_room,baseline
177,act_102_10,14.964102745056152,20.41905975341797,3,1,1,0,0,1,0,0,0,0,empty_room,baseline
178,act_96_35,15.523582458496094,22.690231323242188,1,0,0,0,0,0,0,0,1,0,empty_room,baseline
179,act_206_64,6.674213409423828,10.76679801940918,0,0,0,0,0,0,0,0,0,0,empty_room,baseline
180,act_206_26,6.928634166717529,10.340003967285156,0,0,0,0,0,0,0,0,0,0,empty_room,baseline
181,act_93_64,8.244322776794434,11.224201202392578,1,1,0,0,0,0,0,0,0,0,empty_room,baseline
182,act_92_51,10.39095687866211,15.948221206665039,1,0,0,0,0,0,1,0,0,0,empty_room,baseline
183,act_101_84,14.90739917755127,21.37575340270996,1,0,0,1,0,0,0,0,0,0,empty_room,baseline
184,act_104_98,19.32215690612793,28.623950958251953,1,0,0,0,0,0,0,0,1,0,empty_room,baseline
185,act_106_13,16.588226318359375,27.23610496520996,5,0,0,0,1,1,1,1,1,0,empty_room,baseline
186,act_97_64,6.449617385864258,10.234233856201172,1,1,0,0,0,0,0,0,0,0,empty_room,baseline
187,act_103_81,17.61049461364746,23.009916305541992,2,1,0,0,0,0,0,0,0,1,empty_room,baseline
188,act_96_73,6.182523250579834,9.549263954162598,1,1,0,0,0,0,0,0,0,0,empty_room,baseline
189,act_94_25,9.61119270324707,16.492919921875,1,1,0,0,0,0,0,0,0,0,empty_room,baseline
190,act_102_24,15.445841789245605,19.819759368896484,3,1,0,0,0,0,1,1,0,0,empty_room,baseline
191,act_106_9,14.954825401306152,25.767120361328125,5,1,1,1,1,0,0,0,0,1,empty_room,baseline
192,act_95_11,10.921005249023438,16.77919578552246,1,0,0,0,0,0,1,0,0,0,empty_room,baseline
193,act_96_67,11.442076683044434,18.62183380126953,1,0,0,0,1,0,0,0,0,0,empty_room,baseline
194,act_99_9,19.115222930908203,31.586566925048828,2,0,0,0,1,0,0,0,0,1,empty_room,baseline
195,act_106_68,11.241263389587402,15.91775894165039,2,0,0,0,0,1,1,0,0,0,empty_room,baseline
196,act_99_96,10.7450590133667,12.990439414978027,1,0,0,0,0,0,1,0,0,0,empty_room,baseline
197,act_91_38,10.409293174743652,14.968719482421875,1,0,1,0,0,0,0,0,0,0,empty_room,baseline
198,act_96_21,16.60133171081543,30.38298988342285,1,0,0,1,0,0,0,0,0,0,empty_room,baseline
199,act_105_65,14.975489616394043,25.163623809814453,2,0,1,1,0,0,0,0,0,0,empty_room,baseline
0,act_100_18,12.276873588562012,16.522907257080078,3,1,1,0,0,0,0,0,0,1,empty_room,lejepa
1,act_99_38,14.404597282409668,20.768272399902344,2,0,1,0,0,0,1,0,0,0,empty_room,lejepa
2,act_107_36,9.983545303344727,13.901154518127441,5,1,1,1,1,0,0,0,0,1,empty_room,lejepa
3,act_94_33,12.880391120910645,17.857139587402344,1,0,0,0,0,0,0,0,0,1,empty_room,lejepa
4,act_93_79,11.225031852722168,14.265995979309082,1,0,0,0,0,0,0,1,0,0,empty_room,lejepa
5,act_95_33,6.1434807777404785,8.224310874938965,1,1,0,0,0,0,0,0,0,0,empty_room,lejepa
6,act_98_82,5.955057621002197,8.97140121459961,1,1,0,0,0,0,0,0,0,0,empty_room,lejepa
7,act_94_27,9.864684104919434,14.42778491973877,1,0,0,1,0,0,0,0,0,0,empty_room,lejepa
8,act_106_58,13.478341102600098,22.4633731842041,3,0,0,0,1,1,1,0,0,0,empty_room,lejepa
9,act_91_29,11.883491516113281,16.433914184570312,1,0,1,0,0,0,0,0,0,0,empty_room,lejepa
10,act_103_41,16.793045043945312,24.838848114013672,4,0,0,0,0,1,1,1,1,0,empty_room,lejepa
11,act_95_67,10.590126991271973,18.182514190673828,1,0,0,0,0,1,0,0,0,0,empty_room,lejepa
12,act_100_20,11.475293159484863,18.753028869628906,3,0,1,1,1,0,0,0,0,0,empty_room,lejepa
13,act_105_95,12.84225845336914,17.97799301147461,1,0,0,0,0,1,0,0,0,0,empty_room,lejepa
14,act_98_71,10.36681079864502,11.555028915405273,2,0,0,0,0,0,0,0,1,1,empty_room,lejepa
15,act_106_23,14.646252632141113,20.179441452026367,5,0,0,0,0,1,1,1,1,1,empty_room,lejepa
16,act_98_95,5.802413463592529,9.883749961853027,1,0,0,0,0,1,0,0,0,0,empty_room,lejepa
17,act_101_36,12.085213661193848,17.816600799560547,3,1,0,1,0,0,0,0,0,1,empty_room,lejepa
18,act_103_40,16.196977615356445,25.844482421875,4,0,0,0,1,1,1,1,0,0,empty_room,lejepa
19,act_104_27,16.656265258789062,26.8814640045166,4,1,0,1,1,0,0,0,0,1,empty_room,lejepa
20,act_101_5,16.045114517211914,22.524337768554688,3,0,0,0,0,1,1,0,1,0,empty_room,lejepa
21,act_101_30,15.95872974395752,23.077869415283203,3,0,0,1,1,0,1,0,0,0,empty_room,lejepa
22,act_92_99,9.129061698913574,11.958236694335938,1,0,0,0,0,0,0,0,0,1,empty_room,lejepa
23,act_103_39,14.168076515197754,27.683855056762695,4,0,0,1,1,1,1,0,0,0,empty_room,lejepa
24,act_106_54,13.811203002929688,20.634462356567383,3,1,1,0,0,0,0,0,0,1,empty_room,lejepa
25,act_104_25,13.213969230651855,16.675071716308594,4,1,1,0,0,0,0,1,1,0,empty_room,lejepa
26,act_102_62,15.731057167053223,20.456661224365234,2,1,0,0,0,0,0,0,1,0,empty_room,lejepa
27,act_96_60,10.2474946975708,16.404706954956055,1,0,0,0,0,0,1,0,0,0,empty_room,lejepa
28,act_92_55,3.3712661266326904,4.758406639099121,1,1,0,0,0,0,0,0,0,0,empty_room,lejepa
29,act_104_11,11.930594444274902,16.308927536010742,4,0,1,1,0,1,1,0,0,0,empty_room,lejepa
30,act_95_27,9.154112815856934,14.569234848022461,1,0,0,0,1,0,0,0,0,0,empty_room,lejepa
31,act_93_88,12.124472618103027,14.908760070800781,1,0,0,0,0,0,0,1,0,0,empty_room,lejepa
32,act_97_2,11.57105541229248,18.39533233642578,2,0,1,1,0,0,0,0,0,0,empty_room,lejepa
33,act_107_38,14.33947467803955,22.072425842285156,5,0,1,1,1,1,1,0,0,0,empty_room,lejepa
34,act_104_20,14.374932289123535,18.934823989868164,4,0,1,1,0,1,1,0,0,0,empty_room,lejepa
35,act_106_22,15.55577564239502,24.87894058227539,5,0,0,0,1,1,1,1,1,0,empty_room,lejepa
36,act_103_85,11.51885986328125,15.895136833190918,1,0,0,0,1,0,0,0,0,0,empty_room,lejepa
37,act_105_47,16.134815216064453,20.706886291503906,3,0,1,1,1,0,0,0,0,0,empty_room,lejepa
38,act_108_1,14.071362495422363,22.652267456054688,5,1,1,1,1,1,0,0,0,0,empty_room,lejepa
39,act_93_83,6.423725128173828,8.19741439819336,1,0,1,0,0,0,0,0,0,0,empty_room,lejepa
40,act_96_62,9.855597496032715,12.363960266113281,1,0,0,0,0,0,0,0,1,0,empty_room,lejepa
41,act_92_30,9.53438949584961,12.707819938659668,1,0,0,0,1,0,0,0,0,0,empty_room,lejepa
42,act_104_39,10.04471492767334,16.083616256713867,4,0,0,1,1,0,1,1,0,0,empty_room,lejepa
43,act_206_45,4.083893299102783,5.874711036682129,0,0,0,0,0,0,0,0,0,0,empty_room,lejepa
44,act_99_47,11.453189849853516,15.641731262207031,2,0,1,0,1,0,0,0,0,0,empty_room,lejepa
45,act_106_87,11.684514045715332,14.739706039428711,2,0,0,0,0,0,1,1,0,0,empty_room,lejepa
46,act_103_24,17.651365280151367,25.261056900024414,4,0,0,0,0,0,1,1,1,1,empty_room,lejepa
47,act_107_77,10.067365646362305,15.687663078308105,2,0,0,0,0,1,1,0,0,0,empty_room,lejepa
48,act_94_59,12.19620132446289,18.314531326293945,1,0,0,0,0,0,1,0,0,0,empty_room,lejepa
49,act_102_57,14.77448558807373,20.16567611694336,2,0,0,1,0,1,0,0,0,0,empty_room,lejepa
50,act_103_97,15.64630126953125,25.600101470947266,1,0,0,0,0,0,0,1,0,0,empty_room,lejepa
51,act_91_87,14.717164039611816,25.539714813232422,1,0,0,0,0,0,1,0,0,0,empty_room,lejepa
52,act_96_27,11.662280082702637,14.232605934143066,1,0,0,0,0,0,0,0,0,1,empty_room,lejepa
53,act_106_70,17.320899963378906,25.943166732788086,2,0,0,0,0,0,0,1,1,0,empty_room,lejepa
54,act_206_66,5.1678948402404785,7.022624969482422,0,0,0,0,0,0,0,0,0,0,empty_room,lejepa
55,act_97_18,17.48744010925293,25.55754280090332,2,1,0,0,0,0,0,0,0,1,empty_room,lejepa
56,act_96_90,12.597102165222168,21.538978576660156,1,0,0,0,0,0,0,0,0,1,empty_room,lejepa
57,act_95_83,8.702649116516113,10.272455215454102,1,0,0,1,0,0,0,0,0,0,empty_room,lejepa
58,act_98_18,10.055466651916504,17.09714126586914,2,0,1,1,0,0,0,0,0,0,empty_room,lejepa
59,act_102_15,15.616058349609375,22.850326538085938,3,1,0,0,0,0,1,1,0,0,empty_room,lejepa
60,act_97_32,13.831995964050293,17.75114631652832,2,0,0,0,0,1,1,0,0,0,empty_room,lejepa
61,act_93_66,7.708324909210205,11.377239227294922,1,0,0,1,0,0,0,0,0,0,empty_room,lejepa
62,act_92_74,8.543042182922363,8.220008850097656,1,0,1,0,0,0,0,0,0,0,empty_room,lejepa
63,act_105_38,10.812503814697266,15.292549133300781,4,0,1,1,1,0,1,0,0,0,empty_room,lejepa
64,act_107_46,9.992599487304688,14.968080520629883,3,1,1,1,0,0,0,0,0,0,empty_room,lejepa
65,act_92_31,6.771238803863525,10.501123428344727,1,0,0,0,0,1,0,0,0,0,empty_room,lejepa
66,act_94_36,11.387214660644531,20.997142791748047,1,0,0,1,0,0,0,0,0,0,empty_room,lejepa
67,act_100_44,17.699325561523438,23.020565032958984,3,1,0,0,0,0,0,0,1,1,empty_room,lejepa
68,act_99_67,5.618752956390381,8.392067909240723,2,0,0,0,1,1,0,0,0,0,empty_room,lejepa
69,act_99_1,10.754569053649902,17.442216873168945,2,1,0,0,0,1,0,0,0,0,empty_room,lejepa
70,act_105_2,12.149638175964355,13.915657043457031,4,0,1,1,1,0,1,0,0,0,empty_room,lejepa
71,act_94_53,10.223258972167969,13.05373764038086,1,0,0,0,0,0,0,0,0,1,empty_room,lejepa
72,act_92_93,5.526520252227783,9.734046936035156,1,0,0,1,0,0,0,0,0,0,empty_room,lejepa
73,act_91_22,5.046627044677734,7.393103122711182,1,0,0,0,1,0,0,0,0,0,empty_room,lejepa
74,act_108_36,12.330004692077637,18.23068618774414,5,1,1,1,1,0,0,0,0,1,empty_room,lejepa
75,act_93_99,11.021336555480957,15.52389144897461,1,0,0,0,0,0,0,0,0,1,empty_room,lejepa
76,act_99_21,11.347953796386719,19.541526794433594,2,0,0,1,0,0,0,1,0,0,empty_room,lejepa
77,act_97_89,16.37925148010254,23.91626739501953,1,0,0,0,0,0,0,0,1,0,empty_room,lejepa
78,act_97_77,8.5166015625,16.21564292907715,1,0,0,0,0,1,0,0,0,0,empty_room,lejepa
79,act_104_93,11.35915470123291,16.02520751953125,1,0,0,1,0,0,0,0,0,0,empty_room,lejepa
80,act_108_52,14.915131568908691,20.68869400024414,3,0,0,0,0,0,0,1,1,1,empty_room,lejepa
81,act_93_85,7.034470081329346,10.862104415893555,1,0,0,0,1,0,0,0,0,0,empty_room,lejepa
82,act_105_57,13.30966854095459,17.69207763671875,3,0,0,1,1,1,0,0,0,0,empty_room,lejepa
83,act_105_34,16.583986282348633,21.617191314697266,4,0,1,0,0,0,0,1,1,1,empty_room,lejepa
84,act_103_54,20.125938415527344,27.798246383666992,2,1,0,0,0,0,0,0,0,1,empty_room,lejepa
85,act_98_19,5.721305847167969,8.583963394165039,2,0,0,1,1,0,0,0,0,0,empty_room,lejepa
86,act_99_19,8.957082748413086,15.167562484741211,2,1,0,0,0,1,0,0,0,0,empty_room,lejepa
87,act_101_89,19.220985412597656,24.739585876464844,1,0,0,0,0,0,0,0,1,0,empty_room,lejepa
88,act_103_18,12.374117851257324,18.779380798339844,4,1,1,1,0,0,0,0,0,1,empty_room,lejepa
89,act_103_12,12.058287620544434,15.225723266601562,4,0,0,1,1,1,1,0,0,0,empty_room,lejepa
90,act_97_54,11.893948554992676,15.366943359375,1,0,0,0,0,0,0,0,0,1,empty_room,lejepa
91,act_94_51,9.7080659866333,15.582799911499023,1,0,0,0,0,0,0,1,0,0,empty_room,lejepa
92,act_103_47,10.570493698120117,13.959552764892578,2,0,1,1,0,0,0,0,0,0,empty_room,lejepa
93,act_101_79,18.922571182250977,33.62704849243164,2,0,0,0,0,0,0,1,1,0,empty_room,lejepa
94,act_100_12,11.63454532623291,15.728540420532227,3,0,0,1,1,1,0,0,0,0,empty_room,lejepa
95,act_92_83,12.236157417297363,14.236381530761719,1,0,1,0,0,0,0,0,0,0,empty_room,lejepa
96,act_93_24,11.477335929870605,15.96023941040039,1,0,0,0,0,0,0,0,1,0,empty_room,lejepa
97,act_91_62,12.970995903015137,20.343578338623047,1,0,0,0,0,0,0,0,1,0,empty_room,lejepa
98,act_96_46,5.487024784088135,7.811858177185059,1,1,0,0,0,0,0,0,0,0,empty_room,lejepa
99,act_91_45,13.860615730285645,20.7533016204834,1,0,0,0,0,0,0,0,0,1,empty_room,lejepa
100,act_99_85,10.025306701660156,14.418197631835938,2,0,0,0,1,1,0,0,0,0,empty_room,lejepa
101,act_107_5,15.135891914367676,21.23613739013672,5,0,0,0,0,1,1,1,1,1,empty_room,lejepa
102,act_94_63,10.729884147644043,16.818910598754883,1,1,0,0,0,0,0,0,0,0,empty_room,lejepa
103,act_206_83,4.4601311683654785,6.724057674407959,0,0,0,0,0,0,0,0,0,0,empty_room,lejepa
104,act_93_8,7.158292293548584,8.945211410522461,1,1,0,0,0,0,0,0,0,0,empty_room,lejepa
105,act_103_98,18.547513961791992,26.495935440063477,1,0,0,0,0,0,0,0,1,0,empty_room,lejepa
106,act_101_80,19.513519287109375,31.75452423095703,2,0,0,0,0,0,0,0,1,1,empty_room,lejepa
107,act_101_46,12.86434555053711,17.2064266204834,2,1,1,0,0,0,0,0,0,0,empty_room,lejepa
108,act_104_19,11.681229591369629,15.006195068359375,4,1,1,0,1,1,0,0,0,0,empty_room,lejepa
109,act_94_52,14.700661659240723,20.608749389648438,1,0,0,0,0,0,0,0,1,0,empty_room,lejepa
110,act_98_45,8.467480659484863,11.690435409545898,2,0,1,1,0,0,0,0,0,0,empty_room,lejepa
111,act_206_18,3.4063427448272705,4.739186763763428,0,0,0,0,0,0,0,0,0,0,empty_room,lejepa
112,act_99_95,8.156250953674316,14.367165565490723,1,0,0,0,0,1,0,0,0,0,empty_room,lejepa
113,act_102_8,18.13630485534668,32.154232025146484,3,0,0,1,0,0,0,0,1,1,empty_room,lejepa
114,act_105_54,17.6986026763916,26.86063575744629,3,1,1,0,0,0,0,0,0,1,empty_room,lejepa
115,act_99_11,12.674626350402832,16.576438903808594,2,0,1,0,0,0,1,0,0,0,empty_room,lejepa
116,act_108_10,12.102383613586426,18.524890899658203,5,1,1,1,1,1,0,0,0,0,empty_room,lejepa
117,act_97_10,13.881621360778809,20.776418685913086,2,1,1,0,0,0,0,0,0,0,empty_room,lejepa
118,act_101_48,13.247394561767578,17.535749435424805,2,0,0,1,1,0,0,0,0,0,empty_room,lejepa
119,act_98_50,8.829401969909668,12.480982780456543,1,0,0,0,0,0,1,0,0,0,empty_room,lejepa
120,act_94_6,11.014904975891113,14.438232421875,1,0,0,0,0,0,0,0,0,1,empty_room,lejepa
121,act_103_34,14.425789833068848,20.02786636352539,4,1,0,0,0,0,0,1,1,1,empty_room,lejepa
122,act_93_13,8.29443645477295,11.147270202636719,1,0,0,0,0,0,1,0,0,0,empty_room,lejepa
123,act_105_52,16.425912857055664,22.632736206054688,3,0,0,0,0,0,0,1,1,1,empty_room,lejepa
124,act_101_98,19.40349769592285,28.249826431274414,1,0,0,0,0,0,0,0,1,0,empty_room,lejepa
125,act_94_21,10.26846694946289,14.210531234741211,1,0,0,0,0,0,1,0,0,0,empty_room,lejepa
126,act_98_2,8.451741218566895,10.443599700927734,2,0,0,0,1,1,0,0,0,0,empty_room,lejepa
127,act_101_4,13.5311279296875,18.986103057861328,3,0,0,0,1,1,0,1,0,0,empty_room,lejepa
128,act_106_4,15.07102108001709,23.554729461669922,5,0,0,0,1,1,1,1,1,0,empty_room,lejepa
129,act_98_93,6.229568004608154,8.618818283081055,1,0,0,1,0,0,0,0,0,0,empty_room,lejepa
130,act_101_47,14.614933967590332,21.387222290039062,2,0,1,1,0,0,0,0,0,0,empty_room,lejepa
131,act_100_35,20.906816482543945,28.848960876464844,3,1,0,0,0,0,0,0,1,1,empty_room,lejepa
132,act_95_58,12.605635643005371,20.149051666259766,1,0,0,0,0,0,1,0,0,0,empty_room,lejepa
133,act_92_56,11.894036293029785,13.948019981384277,1,0,1,0,0,0,0,0,0,0,empty_room,lejepa
134,act_93_49,8.418551445007324,13.061601638793945,1,0,0,0,0,1,0,0,0,0,empty_room,lejepa
135,act_94_50,10.860882759094238,19.859638214111328,1,0,0,0,0,0,1,0,0,0,empty_room,lejepa
136,act_93_87,9.811402320861816,16.364641189575195,1,0,0,0,0,0,1,0,0,0,empty_room,lejepa
137,act_93_78,9.05637264251709,13.41430950164795,1,0,0,0,0,0,1,0,0,0,empty_room,lejepa
138,act_106_45,12.86552906036377,18.27744483947754,5,1,1,1,1,0,0,0,0,1,empty_room,lejepa
139,act_96_66,10.85797119140625,16.830106735229492,1,0,0,1,0,0,0,0,0,0,empty_room,lejepa
140,act_102_92,16.07943344116211,22.146560668945312,1,0,1,0,0,0,0,0,0,0,empty_room,lejepa
141,act_106_10,12.510279655456543,15.42578125,5,1,1,1,1,1,0,0,0,0,empty_room,lejepa
142,act_104_14,17.79526710510254,22.770158767700195,4,0,0,0,0,1,1,0,1,1,empty_room,lejepa
143,act_101_43,15.213336944580078,21.03909683227539,3,1,0,0,0,0,0,1,1,0,empty_room,lejepa
144,act_107_21,9.23827075958252,14.405766487121582,5,0,0,1,1,1,1,1,0,0,empty_room,lejepa
145,act_102_5,16.108312606811523,23.585002899169922,3,0,0,0,0,1,1,0,0,1,empty_room,lejepa
146,act_91_99,13.09537124633789,19.85348129272461,1,0,0,0,0,0,0,0,0,1,empty_room,lejepa
147,act_108_46,14.054551124572754,21.3232364654541,3,1,1,1,0,0,0,0,0,0,empty_room,lejepa
148,act_106_97,15.825332641601562,26.349227905273438,1,0,0,0,0,0,0,1,0,0,empty_room,lejepa
149,act_102_69,15.579986572265625,22.86604118347168,2,0,0,0,0,0,1,1,0,0,empty_room,lejepa
150,act_102_36,14.520649909973145,19.4499454498291,3,1,0,0,1,0,0,0,0,1,empty_room,lejepa
151,act_107_32,14.32638931274414,20.59890365600586,5,0,0,0,0,1,1,1,1,1,empty_room,lejepa
152,act_104_44,15.526859283447266,20.631858825683594,4,0,1,1,0,0,0,0,1,1,empty_room,lejepa
153,act_96_59,4.986973762512207,7.596396446228027,1,0,0,0,0,1,0,0,0,0,empty_room,lejepa
154,act_100_94,14.331310272216797,27.479415893554688,1,0,0,0,1,0,0,0,0,0,empty_room,lejepa
155,act_103_44,15.191922187805176,24.22294807434082,4,1,1,0,0,0,0,0,1,1,empty_room,lejepa
156,act_91_98,14.29517650604248,21.323192596435547,1,0,0,0,0,0,0,0,1,0,empty_room,lejepa
157,act_106_92,13.920166015625,17.825986862182617,1,0,1,0,0,0,0,0,0,0,empty_room,lejepa
158,act_94_98,9.3126802444458,14.170246124267578,1,0,0,0,0,0,0,0,1,0,empty_room,lejepa
159,act_103_92,13.412727355957031,18.525146484375,1,0,1,0,0,0,0,0,0,0,empty_room,lejepa
160,act_99_65,13.680168151855469,17.3051700592041,2,0,1,1,0,0,0,0,0,0,empty_room,lejepa
161,act_92_47,7.013278484344482,10.38493824005127,1,0,1,0,0,0,0,0,0,0,empty_room,lejepa
162,act_100_40,17.047439575195312,31.714828491210938,3,0,0,0,1,1,1,0,0,0,empty_room,lejepa
163,act_101_49,8.492856979370117,10.782369613647461,2,0,0,0,1,1,0,0,0,0,empty_room,lejepa
164,act_98_76,6.934688568115234,10.852773666381836,2,0,0,0,1,1,0,0,0,0,empty_room,lejepa
165,act_94_12,10.200692176818848,14.143863677978516,1,0,0,0,0,0,1,0,0,0,empty_room,lejepa
166,act_98_57,9.851113319396973,19.5028076171875,1,0,0,0,1,0,0,0,0,0,empty_room,lejepa
167,act_92_26,11.099577903747559,15.25645637512207,1,0,0,0,0,0,0,0,0,1,empty_room,lejepa
168,act_106_40,9.78644847869873,13.24498462677002,5,0,0,0,1,1,1,1,1,0,empty_room,lejepa
169,act_94_86,5.482631683349609,7.019070625305176,1,0,0,0,0,1,0,0,0,0,empty_room,lejepa
170,act_97_58,6.289109706878662,8.328046798706055,1,0,0,0,1,0,0,0,0,0,empty_room,lejepa
171,act_108_72,14.875641822814941,18.621627807617188,2,1,0,0,0,0,0,0,0,1,empty_room,lejepa
172,act_108_31,13.394619941711426,19.972091674804688,5,0,0,0,1,1,1,1,1,0,empty_room,lejepa
173,act_107_43,12.66250228881836,19.37029266357422,5,1,1,0,0,0,0,1,1,1,empty_room,lejepa
174,act_94_29,6.526994228363037,8.835405349731445,1,0,0,0,0,1,0,0,0,0,empty_room,lejepa
175,act_97_23,12.633427619934082,20.438037872314453,2,0,0,0,0,1,1,0,0,0,empty_room,lejepa
176,act_97_80,14.617178916931152,19.483190536499023,1,0,0,0,0,0,0,0,1,0,empty_room,lejepa
177,act_102_10,10.30572509765625,14.213275909423828,3,1,1,0,0,1,0,0,0,0,empty_room,lejepa
178,act_96_35,9.54521656036377,12.813523292541504,1,0,0,0,0,0,0,0,1,0,empty_room,lejepa
179,act_206_64,4.590770244598389,7.111685752868652,0,0,0,0,0,0,0,0,0,0,empty_room,lejepa
180,act_206_26,3.6592342853546143,6.257377624511719,0,0,0,0,0,0,0,0,0,0,empty_room,lejepa
181,act_93_64,5.556613922119141,6.870347023010254,1,1,0,0,0,0,0,0,0,0,empty_room,lejepa
182,act_92_51,8.054020881652832,12.178916931152344,1,0,0,0,0,0,1,0,0,0,empty_room,lejepa
183,act_101_84,14.860424995422363,25.467578887939453,1,0,0,1,0,0,0,0,0,0,empty_room,lejepa
184,act_104_98,17.938390731811523,23.87215805053711,1,0,0,0,0,0,0,0,1,0,empty_room,lejepa
185,act_106_13,12.613609313964844,22.742841720581055,5,0,0,0,1,1,1,1,1,0,empty_room,lejepa
186,act_97_64,6.8101806640625,8.384740829467773,1,1,0,0,0,0,0,0,0,0,empty_room,lejepa
187,act_103_81,17.781965255737305,24.03550148010254,2,1,0,0,0,0,0,0,0,1,empty_room,lejepa
188,act_96_73,3.559586763381958,5.70347785949707,1,1,0,0,0,0,0,0,0,0,empty_room,lejepa
189,act_94_25,5.3637542724609375,7.733890533447266,1,1,0,0,0,0,0,0,0,0,empty_room,lejepa
190,act_102_24,15.819252014160156,21.012107849121094,3,1,0,0,0,0,1,1,0,0,empty_room,lejepa
191,act_106_9,13.793763160705566,22.13669204711914,5,1,1,1,1,0,0,0,0,1,empty_room,lejepa
192,act_95_11,9.447166442871094,14.256717681884766,1,0,0,0,0,0,1,0,0,0,empty_room,lejepa
193,act_96_67,7.122137546539307,10.57497501373291,1,0,0,0,1,0,0,0,0,0,empty_room,lejepa
194,act_99_9,12.050858497619629,17.40491485595703,2,0,0,0,1,0,0,0,0,1,empty_room,lejepa
195,act_106_68,12.250755310058594,18.742094039916992,2,0,0,0,0,1,1,0,0,0,empty_room,lejepa
196,act_99_96,10.71777629852295,15.215755462646484,1,0,0,0,0,0,1,0,0,0,empty_room,lejepa
197,act_91_38,10.087838172912598,12.455337524414062,1,0,1,0,0,0,0,0,0,0,empty_room,lejepa
198,act_96_21,10.327401161193848,17.969545364379883,1,0,0,1,0,0,0,0,0,0,empty_room,lejepa
199,act_105_65,16.95697021484375,26.111698150634766,2,0,1,1,0,0,0,0,0,0,empty_room,lejepa
